hidden_layer_sizes,solver,learning_rate_init,max_iter,activation,f1_weighted
59,adam,0.0001,2500,relu,0.764546252413551
59,adam,0.1,3000,relu,0.7496240601503759
18,sgd,0.001,1000,relu,0.74
59,adam,0.01,2000,relu,0.74
59,sgd,0.01,1000,relu,0.7349668542839274
59,adam,0.1,1500,relu,0.7300270027002701
59,sgd,0.0001,1000,relu,0.7297836538461538
59,sgd,0.01,1500,relu,0.7248554479237066
18,adam,0.1,2500,relu,0.7246904315196997
59,adam,0.001,2500,relu,0.72002800280028
